TARGET_CLASS,configuration_id,criterion,ctg_min_time_per_job,ctg_schedule,search_budget,p_object_pool,ctg_time_per_class,Size,Length,Total_Time,Random_Seed,LineCoverage,LineCoverageBitString,BranchCoverage,BranchCoverageBitString,ExceptionCoverage,ExceptionCoverageBitString,Explicit_MethodExceptions,Explicit_TypeExceptions,Implicit_MethodExceptions,Implicit_TypeExceptions,WeakMutationScore,WeakMutationCoverageBitString,OutputCoverage,OutputCoverageBitString,MethodCoverage,MethodCoverageBitString,MethodNoExceptionCoverage,MethodNoExceptionCoverageBitString,CBranchCoverage,CBranchCoverageBitString
com.actionbarsherlock.internal.widget.ActionBarContainer,default,LINE;BRANCH;EXCEPTION;WEAKMUTATION;OUTPUT;METHOD;METHODNOEXCEPTION;CBRANCH,1,BUDGET,120,0.3,3,2,2,136205,1541454290162,0.0,000000000000000000000000000000000000000000000000000000000000000000000000000000000000000000000000,0.012195121951219513,0000010000000000000000000000000000000000000000000000000000000000000000000000000000,1.0,11,2,1,0,0,0.0,0000000000000000000000000000000000000000000000000000000000000000000000000000000000000000000000000000000000000000000000000000000000000000000000000000000000000000000000000000000000000000000000000,0.0,00000000,0.13333333333333333,110000000000000,0.0,000000000000000,0.0,0000000000000000000000000000000000000000000000000000000000000000000000000000000000
